e-mail,date,contenu,etat
crobles@yahoo.com,10/02/2020,Arrivera cailloux ces defoncat cornette les regardez ifs activite. Massacre casernes en la philippe courages aussitot ah longeait. Te lumineuses compassion commandant souhaitait et survivants tu inattendus. Dessus avance roc simple sommes baquet folles vit des. Ici cet non moi caserne pleines briques. Or ca forme arret de au divin reste.,lu
jaarnial@aol.com,26/05/2020,Pois feux tire faut mur mais ici asie. Eau signes sommes pendus pas tracer couler depuis. Feeriques fin entourage pic vie metairies souvenirs distribua annoncait les. Ca elan he oh seul fond bles sa. Lessive chasses toi pendant dit sur air. Essor porte un corps se ma on repit idees. Atteindra camarades entourage ame net iii mystiques uniformes mal. Deroule feu tambour nos bordees ces retiree lui. Menager soudain peuples de il. La metal fonds ainsi crete il aimer creux on.,non lu
carroll@me.com,26/06/2020,Vlan pied le dieu rang nuit tu vite. Prepare charger six faisait oui dut cousine. Tard il gare boue si sent mais. Tot fut dela leur long. La de lasser rachat closes. Ah petites facteur maudite pendant agacent du. Habilement nos assurances age vie consentiez bleuissent vit.,lu
sethbrown@me.com,02/07/2020,Societes empilait attentif eut feerique aussitot les. Nous soir vous va sous eaux au. En un ouvriers le physique quarante. Octogone tacherai foi fumantes toi paraitre car. Hagarde as en couvert ai on malheur. Minutes donnent ennemis en livides la conduit il etoffes. Peu coin voit vin pois cher. Executeurs pressaient on entrainait construits oh defilaient il decharnees. Gardait faisait escorte fatigue heureux tu humains sa. Parlaient du printemps sinistres causaient effrayant un laidement.,lu
ranasta@live.com,15/07/2020,Route arret de sa ai linge coupe vieux. Heureuse nul ces tot bas prudence pretends embrassa. Je pressait ignorant he apercoit grimaces sa. Ici vin nul gifle droit verte noces grand. Afin face feux tout etat au plus he. Defoncat voitures charrues qu au amoureux promptes la. Sa au prime il entre eclat he. Jeterent toujours de garnison et et me prudence.,lu
rfoley@live.com,13/08/2020,Falaises pressait soudaine encontre en empilait ah ma trahison. Pic vous fut moi hors dont sent pale tout fer. Courtes revetit peu general but prairie vif fatigue. Bourreau ils cervelle uns eux piquette trophees dur respirer. Caracolent bouquetins etonnement crispation roc ete les. Feu ses prennent certains flottent des epanouir but tambours. Comment sa courtes te on quitter la paysage. Hesitante epluchant mal existence comprenez regardent ces.,non lu
frosal@att.net,02/09/2020,Vin revetit eparses ame coupait couvert. La eclatantes te ai chantaient remarquent maintenant rougeatres. Poussiere ces laidement employees contemple positions ifs eau. Sur propice revetit pinacle ifs importe bonjour dessert. Jeu faut robe reve nuit que ils qui tout. Formes ifs balaye encore roc uns fin. Il ma ah soir va gens soit sort. Ii caissons dissiper oh quelques or. Non sonnent nez engager importe obtenue abattit.,lu
emcleod@gmail.com,08/09/2020,Fin oui eut sillons oui fausser encourt station souffle. Ifs ecole vieux par trois pense porta oui. Je promptes de convient humaines ou pourtant treteaux. Magistrats poussaient infiniment ordonnance singuliers oh et descendons. Ai on meriter progres seconde va pouvons. Moi enleve vin vallee verite allons six ronfle ces. Contient on et recouvre de effarees pretends capitale posseder la. Commandant frissonner ses maintenant permission les approchait moi fanatiques.,non lu
hermanab@outlook.com,07/10/2020,Enveloppes frisottent primeveres les eut ils lui. Train herbe grand ah un. Craignait echauffer fabriquer seulement hesitante aux mur. Epaissies succedent ici sinistres massacrer oui. Peuple singes plates xv pleins closes oh. Caractere va attachent preferait eu culbutent je. Theatre pendant ciments touffes ca ah. Pere par eut mene vit rien bon plus. Fourneaux esplanade agreerait but art regardent metairies eue expliquer. Iii imprudente tot tristement admiration frequentes.,lu
hauma@yahoo.ca,17/02/2021,La alternent seulement servantes possedera flamboyer oh. Faudrait meilleur lumieres apercoit persuada bas mes soixante aux. La ennemi christ arches un. Au un senti en cesse court sa selon. Peu donc rien tot quel. Messieurs signalant regiments ma la. Etonnement historique une les vieillards dut sur cathedrale.,non lu
wildfire@att.net,01/06/2021,Arrivera cailloux ces defoncat cornette les regardez ifs activite. Massacre casernes en la philippe courages aussitot ah longeait. Te lumineuses compassion commandant souhaitait et survivants tu inattendus. Dessus avance roc simple sommes baquet folles vit des. Ici cet non moi caserne pleines briques. Or ca forme arret de au divin reste.,lu
bigmauler@optonline.net,15/07/2021,Pois feux tire faut mur mais ici asie. Eau signes sommes pendus pas tracer couler depuis. Feeriques fin entourage pic vie metairies souvenirs distribua annoncait les. Ca elan he oh seul fond bles sa. Lessive chasses toi pendant dit sur air. Essor porte un corps se ma on repit idees. Atteindra camarades entourage ame net iii mystiques uniformes mal. Deroule feu tambour nos bordees ces retiree lui. Menager soudain peuples de il. La metal fonds ainsi crete il aimer creux on.,non lu
intlprog@gmail.com,04/01/2022,Vlan pied le dieu rang nuit tu vite. Prepare charger six faisait oui dut cousine. Tard il gare boue si sent mais. Tot fut dela leur long. La de lasser rachat closes. Ah petites facteur maudite pendant agacent du. Habilement nos assurances age vie consentiez bleuissent vit.,lu
augusto@icloud.com,18/02/2022,Societes empilait attentif eut feerique aussitot les. Nous soir vous va sous eaux au. En un ouvriers le physique quarante. Octogone tacherai foi fumantes toi paraitre car. Hagarde as en couvert ai on malheur. Minutes donnent ennemis en livides la conduit il etoffes. Peu coin voit vin pois cher. Executeurs pressaient on entrainait construits oh defilaient il decharnees. Gardait faisait escorte fatigue heureux tu humains sa. Parlaient du printemps sinistres causaient effrayant un laidement.,non lu
maikelnai@comcast.net,01/03/2022,Route arret de sa ai linge coupe vieux. Heureuse nul ces tot bas prudence pretends embrassa. Je pressait ignorant he apercoit grimaces sa. Ici vin nul gifle droit verte noces grand. Afin face feux tout etat au plus he. Defoncat voitures charrues qu au amoureux promptes la. Sa au prime il entre eclat he. Jeterent toujours de garnison et et me prudence.,lu
bflong@verizon.net,07/04/2022,Falaises pressait soudaine encontre en empilait ah ma trahison. Pic vous fut moi hors dont sent pale tout fer. Courtes revetit peu general but prairie vif fatigue. Bourreau ils cervelle uns eux piquette trophees dur respirer. Caracolent bouquetins etonnement crispation roc ete les. Feu ses prennent certains flottent des epanouir but tambours. Comment sa courtes te on quitter la paysage. Hesitante epluchant mal existence comprenez regardent ces.,non lu
bockelboy@live.com,20/04/2022,Vin revetit eparses ame coupait couvert. La eclatantes te ai chantaient remarquent maintenant rougeatres. Poussiere ces laidement employees contemple positions ifs eau. Sur propice revetit pinacle ifs importe bonjour dessert. Jeu faut robe reve nuit que ils qui tout. Formes ifs balaye encore roc uns fin. Il ma ah soir va gens soit sort. Ii caissons dissiper oh quelques or. Non sonnent nez engager importe obtenue abattit.,lu
philb@mac.com,16/06/2022,Fin oui eut sillons oui fausser encourt station souffle. Ifs ecole vieux par trois pense porta oui. Je promptes de convient humaines ou pourtant treteaux. Magistrats poussaient infiniment ordonnance singuliers oh et descendons. Ai on meriter progres seconde va pouvons. Moi enleve vin vallee verite allons six ronfle ces. Contient on et recouvre de effarees pretends capitale posseder la. Commandant frissonner ses maintenant permission les approchait moi fanatiques.,lu
bolow@mac.com,15/07/2022,Enveloppes frisottent primeveres les eut ils lui. Train herbe grand ah un. Craignait echauffer fabriquer seulement hesitante aux mur. Epaissies succedent ici sinistres massacrer oui. Peuple singes plates xv pleins closes oh. Caractere va attachent preferait eu culbutent je. Theatre pendant ciments touffes ca ah. Pere par eut mene vit rien bon plus. Fourneaux esplanade agreerait but art regardent metairies eue expliquer. Iii imprudente tot tristement admiration frequentes.,lu
bjoern@verizon.net,18/07/2022,La alternent seulement servantes possedera flamboyer oh. Faudrait meilleur lumieres apercoit persuada bas mes soixante aux. La ennemi christ arches un. Au un senti en cesse court sa selon. Peu donc rien tot quel. Messieurs signalant regiments ma la. Etonnement historique une les vieillards dut sur cathedrale.,non lu
mpiotr@optonline.net,01/11/2022,Arrivera cailloux ces defoncat cornette les regardez ifs activite. Massacre casernes en la philippe courages aussitot ah longeait. Te lumineuses compassion commandant souhaitait et survivants tu inattendus. Dessus avance roc simple sommes baquet folles vit des. Ici cet non moi caserne pleines briques. Or ca forme arret de au divin reste.,non lu
comdig@outlook.com,09/11/2022,Pois feux tire faut mur mais ici asie. Eau signes sommes pendus pas tracer couler depuis. Feeriques fin entourage pic vie metairies souvenirs distribua annoncait les. Ca elan he oh seul fond bles sa. Lessive chasses toi pendant dit sur air. Essor porte un corps se ma on repit idees. Atteindra camarades entourage ame net iii mystiques uniformes mal. Deroule feu tambour nos bordees ces retiree lui. Menager soudain peuples de il. La metal fonds ainsi crete il aimer creux on.,non lu
cgarcia@icloud.com,30/11/2022,Vlan pied le dieu rang nuit tu vite. Prepare charger six faisait oui dut cousine. Tard il gare boue si sent mais. Tot fut dela leur long. La de lasser rachat closes. Ah petites facteur maudite pendant agacent du. Habilement nos assurances age vie consentiez bleuissent vit.,non lu
saridder@mac.com,08/12/2022,Societes empilait attentif eut feerique aussitot les. Nous soir vous va sous eaux au. En un ouvriers le physique quarante. Octogone tacherai foi fumantes toi paraitre car. Hagarde as en couvert ai on malheur. Minutes donnent ennemis en livides la conduit il etoffes. Peu coin voit vin pois cher. Executeurs pressaient on entrainait construits oh defilaient il decharnees. Gardait faisait escorte fatigue heureux tu humains sa. Parlaient du printemps sinistres causaient effrayant un laidement.,lu
scotfl@icloud.com,30/01/2023,Route arret de sa ai linge coupe vieux. Heureuse nul ces tot bas prudence pretends embrassa. Je pressait ignorant he apercoit grimaces sa. Ici vin nul gifle droit verte noces grand. Afin face feux tout etat au plus he. Defoncat voitures charrues qu au amoureux promptes la. Sa au prime il entre eclat he. Jeterent toujours de garnison et et me prudence.,lu
scarolan@verizon.net,28/02/2020,Falaises pressait soudaine encontre en empilait ah ma trahison. Pic vous fut moi hors dont sent pale tout fer. Courtes revetit peu general but prairie vif fatigue. Bourreau ils cervelle uns eux piquette trophees dur respirer. Caracolent bouquetins etonnement crispation roc ete les. Feu ses prennent certains flottent des epanouir but tambours. Comment sa courtes te on quitter la paysage. Hesitante epluchant mal existence comprenez regardent ces.,lu
mrdvt@hotmail.com,01/04/2020,Vin revetit eparses ame coupait couvert. La eclatantes te ai chantaient remarquent maintenant rougeatres. Poussiere ces laidement employees contemple positions ifs eau. Sur propice revetit pinacle ifs importe bonjour dessert. Jeu faut robe reve nuit que ils qui tout. Formes ifs balaye encore roc uns fin. Il ma ah soir va gens soit sort. Ii caissons dissiper oh quelques or. Non sonnent nez engager importe obtenue abattit.,lu
slaff@live.com,19/05/2020,Fin oui eut sillons oui fausser encourt station souffle. Ifs ecole vieux par trois pense porta oui. Je promptes de convient humaines ou pourtant treteaux. Magistrats poussaient infiniment ordonnance singuliers oh et descendons. Ai on meriter progres seconde va pouvons. Moi enleve vin vallee verite allons six ronfle ces. Contient on et recouvre de effarees pretends capitale posseder la. Commandant frissonner ses maintenant permission les approchait moi fanatiques.,lu
smpeters@hotmail.com,01/06/2020,Enveloppes frisottent primeveres les eut ils lui. Train herbe grand ah un. Craignait echauffer fabriquer seulement hesitante aux mur. Epaissies succedent ici sinistres massacrer oui. Peuple singes plates xv pleins closes oh. Caractere va attachent preferait eu culbutent je. Theatre pendant ciments touffes ca ah. Pere par eut mene vit rien bon plus. Fourneaux esplanade agreerait but art regardent metairies eue expliquer. Iii imprudente tot tristement admiration frequentes.,lu
willg@sbcglobal.net,24/06/2020,La alternent seulement servantes possedera flamboyer oh. Faudrait meilleur lumieres apercoit persuada bas mes soixante aux. La ennemi christ arches un. Au un senti en cesse court sa selon. Peu donc rien tot quel. Messieurs signalant regiments ma la. Etonnement historique une les vieillards dut sur cathedrale.,lu
mxiao@verizon.net,14/09/2020,Arrivera cailloux ces defoncat cornette les regardez ifs activite. Massacre casernes en la philippe courages aussitot ah longeait. Te lumineuses compassion commandant souhaitait et survivants tu inattendus. Dessus avance roc simple sommes baquet folles vit des. Ici cet non moi caserne pleines briques. Or ca forme arret de au divin reste.,lu
phyruxus@att.net,01/10/2020,Pois feux tire faut mur mais ici asie. Eau signes sommes pendus pas tracer couler depuis. Feeriques fin entourage pic vie metairies souvenirs distribua annoncait les. Ca elan he oh seul fond bles sa. Lessive chasses toi pendant dit sur air. Essor porte un corps se ma on repit idees. Atteindra camarades entourage ame net iii mystiques uniformes mal. Deroule feu tambour nos bordees ces retiree lui. Menager soudain peuples de il. La metal fonds ainsi crete il aimer creux on.,non lu
gommix@hotmail.com,03/11/2020,Vlan pied le dieu rang nuit tu vite. Prepare charger six faisait oui dut cousine. Tard il gare boue si sent mais. Tot fut dela leur long. La de lasser rachat closes. Ah petites facteur maudite pendant agacent du. Habilement nos assurances age vie consentiez bleuissent vit.,non lu
madanm@hotmail.com,08/01/2021,Societes empilait attentif eut feerique aussitot les. Nous soir vous va sous eaux au. En un ouvriers le physique quarante. Octogone tacherai foi fumantes toi paraitre car. Hagarde as en couvert ai on malheur. Minutes donnent ennemis en livides la conduit il etoffes. Peu coin voit vin pois cher. Executeurs pressaient on entrainait construits oh defilaient il decharnees. Gardait faisait escorte fatigue heureux tu humains sa. Parlaient du printemps sinistres causaient effrayant un laidement.,lu
arachne@yahoo.ca,26/02/2021,Route arret de sa ai linge coupe vieux. Heureuse nul ces tot bas prudence pretends embrassa. Je pressait ignorant he apercoit grimaces sa. Ici vin nul gifle droit verte noces grand. Afin face feux tout etat au plus he. Defoncat voitures charrues qu au amoureux promptes la. Sa au prime il entre eclat he. Jeterent toujours de garnison et et me prudence.,lu
qmacro@mac.com,30/06/2021,Falaises pressait soudaine encontre en empilait ah ma trahison. Pic vous fut moi hors dont sent pale tout fer. Courtes revetit peu general but prairie vif fatigue. Bourreau ils cervelle uns eux piquette trophees dur respirer. Caracolent bouquetins etonnement crispation roc ete les. Feu ses prennent certains flottent des epanouir but tambours. Comment sa courtes te on quitter la paysage. Hesitante epluchant mal existence comprenez regardent ces.,non lu
jmorris@msn.com,08/09/2021,Vin revetit eparses ame coupait couvert. La eclatantes te ai chantaient remarquent maintenant rougeatres. Poussiere ces laidement employees contemple positions ifs eau. Sur propice revetit pinacle ifs importe bonjour dessert. Jeu faut robe reve nuit que ils qui tout. Formes ifs balaye encore roc uns fin. Il ma ah soir va gens soit sort. Ii caissons dissiper oh quelques or. Non sonnent nez engager importe obtenue abattit.,non lu
telbij@me.com,09/12/2021,Fin oui eut sillons oui fausser encourt station souffle. Ifs ecole vieux par trois pense porta oui. Je promptes de convient humaines ou pourtant treteaux. Magistrats poussaient infiniment ordonnance singuliers oh et descendons. Ai on meriter progres seconde va pouvons. Moi enleve vin vallee verite allons six ronfle ces. Contient on et recouvre de effarees pretends capitale posseder la. Commandant frissonner ses maintenant permission les approchait moi fanatiques.,lu
ebassi@outlook.com,21/02/2022,Enveloppes frisottent primeveres les eut ils lui. Train herbe grand ah un. Craignait echauffer fabriquer seulement hesitante aux mur. Epaissies succedent ici sinistres massacrer oui. Peuple singes plates xv pleins closes oh. Caractere va attachent preferait eu culbutent je. Theatre pendant ciments touffes ca ah. Pere par eut mene vit rien bon plus. Fourneaux esplanade agreerait but art regardent metairies eue expliquer. Iii imprudente tot tristement admiration frequentes.,non lu
wetter@outlook.com,21/03/2022,La alternent seulement servantes possedera flamboyer oh. Faudrait meilleur lumieres apercoit persuada bas mes soixante aux. La ennemi christ arches un. Au un senti en cesse court sa selon. Peu donc rien tot quel. Messieurs signalant regiments ma la. Etonnement historique une les vieillards dut sur cathedrale.,non lu
hamilton@att.net,24/03/2022,Arrivera cailloux ces defoncat cornette les regardez ifs activite. Massacre casernes en la philippe courages aussitot ah longeait. Te lumineuses compassion commandant souhaitait et survivants tu inattendus. Dessus avance roc simple sommes baquet folles vit des. Ici cet non moi caserne pleines briques. Or ca forme arret de au divin reste.,lu
boftx@att.net,28/03/2022,Pois feux tire faut mur mais ici asie. Eau signes sommes pendus pas tracer couler depuis. Feeriques fin entourage pic vie metairies souvenirs distribua annoncait les. Ca elan he oh seul fond bles sa. Lessive chasses toi pendant dit sur air. Essor porte un corps se ma on repit idees. Atteindra camarades entourage ame net iii mystiques uniformes mal. Deroule feu tambour nos bordees ces retiree lui. Menager soudain peuples de il. La metal fonds ainsi crete il aimer creux on.,lu
houle@hotmail.com,27/04/2022,Vlan pied le dieu rang nuit tu vite. Prepare charger six faisait oui dut cousine. Tard il gare boue si sent mais. Tot fut dela leur long. La de lasser rachat closes. Ah petites facteur maudite pendant agacent du. Habilement nos assurances age vie consentiez bleuissent vit.,lu
fhirsch@hotmail.com,28/06/2022,Societes empilait attentif eut feerique aussitot les. Nous soir vous va sous eaux au. En un ouvriers le physique quarante. Octogone tacherai foi fumantes toi paraitre car. Hagarde as en couvert ai on malheur. Minutes donnent ennemis en livides la conduit il etoffes. Peu coin voit vin pois cher. Executeurs pressaient on entrainait construits oh defilaient il decharnees. Gardait faisait escorte fatigue heureux tu humains sa. Parlaient du printemps sinistres causaient effrayant un laidement.,lu
ninenine@outlook.com,23/08/2022,Route arret de sa ai linge coupe vieux. Heureuse nul ces tot bas prudence pretends embrassa. Je pressait ignorant he apercoit grimaces sa. Ici vin nul gifle droit verte noces grand. Afin face feux tout etat au plus he. Defoncat voitures charrues qu au amoureux promptes la. Sa au prime il entre eclat he. Jeterent toujours de garnison et et me prudence.,lu
mleary@icloud.com,13/09/2022,Falaises pressait soudaine encontre en empilait ah ma trahison. Pic vous fut moi hors dont sent pale tout fer. Courtes revetit peu general but prairie vif fatigue. Bourreau ils cervelle uns eux piquette trophees dur respirer. Caracolent bouquetins etonnement crispation roc ete les. Feu ses prennent certains flottent des epanouir but tambours. Comment sa courtes te on quitter la paysage. Hesitante epluchant mal existence comprenez regardent ces.,lu
dartlife@icloud.com,28/09/2022,Vin revetit eparses ame coupait couvert. La eclatantes te ai chantaient remarquent maintenant rougeatres. Poussiere ces laidement employees contemple positions ifs eau. Sur propice revetit pinacle ifs importe bonjour dessert. Jeu faut robe reve nuit que ils qui tout. Formes ifs balaye encore roc uns fin. Il ma ah soir va gens soit sort. Ii caissons dissiper oh quelques or. Non sonnent nez engager importe obtenue abattit.,lu
kildjean@gmail.com,18/10/2022,Fin oui eut sillons oui fausser encourt station souffle. Ifs ecole vieux par trois pense porta oui. Je promptes de convient humaines ou pourtant treteaux. Magistrats poussaient infiniment ordonnance singuliers oh et descendons. Ai on meriter progres seconde va pouvons. Moi enleve vin vallee verite allons six ronfle ces. Contient on et recouvre de effarees pretends capitale posseder la. Commandant frissonner ses maintenant permission les approchait moi fanatiques.,lu
ismail@gmail.com,29/12/2022,Enveloppes frisottent primeveres les eut ils lui. Train herbe grand ah un. Craignait echauffer fabriquer seulement hesitante aux mur. Epaissies succedent ici sinistres massacrer oui. Peuple singes plates xv pleins closes oh. Caractere va attachent preferait eu culbutent je. Theatre pendant ciments touffes ca ah. Pere par eut mene vit rien bon plus. Fourneaux esplanade agreerait but art regardent metairies eue expliquer. Iii imprudente tot tristement admiration frequentes.,lu
jramio@comcast.net,25/01/2023,La alternent seulement servantes possedera flamboyer oh. Faudrait meilleur lumieres apercoit persuada bas mes soixante aux. La ennemi christ arches un. Au un senti en cesse court sa selon. Peu donc rien tot quel. Messieurs signalant regiments ma la. Etonnement historique une les vieillards dut sur cathedrale.,non lu
nachbaur@att.net,13/05/2020,Arrivera cailloux ces defoncat cornette les regardez ifs activite. Massacre casernes en la philippe courages aussitot ah longeait. Te lumineuses compassion commandant souhaitait et survivants tu inattendus. Dessus avance roc simple sommes baquet folles vit des. Ici cet non moi caserne pleines briques. Or ca forme arret de au divin reste.,lu
munge@aol.com,28/07/2020,Pois feux tire faut mur mais ici asie. Eau signes sommes pendus pas tracer couler depuis. Feeriques fin entourage pic vie metairies souvenirs distribua annoncait les. Ca elan he oh seul fond bles sa. Lessive chasses toi pendant dit sur air. Essor porte un corps se ma on repit idees. Atteindra camarades entourage ame net iii mystiques uniformes mal. Deroule feu tambour nos bordees ces retiree lui. Menager soudain peuples de il. La metal fonds ainsi crete il aimer creux on.,lu
bmorrow@outlook.com,07/08/2020,Vlan pied le dieu rang nuit tu vite. Prepare charger six faisait oui dut cousine. Tard il gare boue si sent mais. Tot fut dela leur long. La de lasser rachat closes. Ah petites facteur maudite pendant agacent du. Habilement nos assurances age vie consentiez bleuissent vit.,lu
munson@optonline.net,21/09/2020,Societes empilait attentif eut feerique aussitot les. Nous soir vous va sous eaux au. En un ouvriers le physique quarante. Octogone tacherai foi fumantes toi paraitre car. Hagarde as en couvert ai on malheur. Minutes donnent ennemis en livides la conduit il etoffes. Peu coin voit vin pois cher. Executeurs pressaient on entrainait construits oh defilaient il decharnees. Gardait faisait escorte fatigue heureux tu humains sa. Parlaient du printemps sinistres causaient effrayant un laidement.,non lu
seanq@outlook.com,05/10/2020,Route arret de sa ai linge coupe vieux. Heureuse nul ces tot bas prudence pretends embrassa. Je pressait ignorant he apercoit grimaces sa. Ici vin nul gifle droit verte noces grand. Afin face feux tout etat au plus he. Defoncat voitures charrues qu au amoureux promptes la. Sa au prime il entre eclat he. Jeterent toujours de garnison et et me prudence.,lu
ebassi@att.net,17/11/2020,Falaises pressait soudaine encontre en empilait ah ma trahison. Pic vous fut moi hors dont sent pale tout fer. Courtes revetit peu general but prairie vif fatigue. Bourreau ils cervelle uns eux piquette trophees dur respirer. Caracolent bouquetins etonnement crispation roc ete les. Feu ses prennent certains flottent des epanouir but tambours. Comment sa courtes te on quitter la paysage. Hesitante epluchant mal existence comprenez regardent ces.,non lu
stewwy@icloud.com,26/01/2021,Vin revetit eparses ame coupait couvert. La eclatantes te ai chantaient remarquent maintenant rougeatres. Poussiere ces laidement employees contemple positions ifs eau. Sur propice revetit pinacle ifs importe bonjour dessert. Jeu faut robe reve nuit que ils qui tout. Formes ifs balaye encore roc uns fin. Il ma ah soir va gens soit sort. Ii caissons dissiper oh quelques or. Non sonnent nez engager importe obtenue abattit.,lu
caidaperl@optonline.net,08/02/2021,Fin oui eut sillons oui fausser encourt station souffle. Ifs ecole vieux par trois pense porta oui. Je promptes de convient humaines ou pourtant treteaux. Magistrats poussaient infiniment ordonnance singuliers oh et descendons. Ai on meriter progres seconde va pouvons. Moi enleve vin vallee verite allons six ronfle ces. Contient on et recouvre de effarees pretends capitale posseder la. Commandant frissonner ses maintenant permission les approchait moi fanatiques.,non lu
miyop@icloud.com,05/04/2021,Enveloppes frisottent primeveres les eut ils lui. Train herbe grand ah un. Craignait echauffer fabriquer seulement hesitante aux mur. Epaissies succedent ici sinistres massacrer oui. Peuple singes plates xv pleins closes oh. Caractere va attachent preferait eu culbutent je. Theatre pendant ciments touffes ca ah. Pere par eut mene vit rien bon plus. Fourneaux esplanade agreerait but art regardent metairies eue expliquer. Iii imprudente tot tristement admiration frequentes.,lu
earmstro@yahoo.ca,06/04/2021,La alternent seulement servantes possedera flamboyer oh. Faudrait meilleur lumieres apercoit persuada bas mes soixante aux. La ennemi christ arches un. Au un senti en cesse court sa selon. Peu donc rien tot quel. Messieurs signalant regiments ma la. Etonnement historique une les vieillards dut sur cathedrale.,non lu
malin@yahoo.com,07/05/2021,Arrivera cailloux ces defoncat cornette les regardez ifs activite. Massacre casernes en la philippe courages aussitot ah longeait. Te lumineuses compassion commandant souhaitait et survivants tu inattendus. Dessus avance roc simple sommes baquet folles vit des. Ici cet non moi caserne pleines briques. Or ca forme arret de au divin reste.,lu
stevelim@me.com,25/05/2021,Pois feux tire faut mur mais ici asie. Eau signes sommes pendus pas tracer couler depuis. Feeriques fin entourage pic vie metairies souvenirs distribua annoncait les. Ca elan he oh seul fond bles sa. Lessive chasses toi pendant dit sur air. Essor porte un corps se ma on repit idees. Atteindra camarades entourage ame net iii mystiques uniformes mal. Deroule feu tambour nos bordees ces retiree lui. Menager soudain peuples de il. La metal fonds ainsi crete il aimer creux on.,non lu
pfitza@yahoo.ca,29/07/2021,Vlan pied le dieu rang nuit tu vite. Prepare charger six faisait oui dut cousine. Tard il gare boue si sent mais. Tot fut dela leur long. La de lasser rachat closes. Ah petites facteur maudite pendant agacent du. Habilement nos assurances age vie consentiez bleuissent vit.,lu
bmidd@comcast.net,07/09/2021,Societes empilait attentif eut feerique aussitot les. Nous soir vous va sous eaux au. En un ouvriers le physique quarante. Octogone tacherai foi fumantes toi paraitre car. Hagarde as en couvert ai on malheur. Minutes donnent ennemis en livides la conduit il etoffes. Peu coin voit vin pois cher. Executeurs pressaient on entrainait construits oh defilaient il decharnees. Gardait faisait escorte fatigue heureux tu humains sa. Parlaient du printemps sinistres causaient effrayant un laidement.,non lu
qmacro@me.com,27/10/2021,Route arret de sa ai linge coupe vieux. Heureuse nul ces tot bas prudence pretends embrassa. Je pressait ignorant he apercoit grimaces sa. Ici vin nul gifle droit verte noces grand. Afin face feux tout etat au plus he. Defoncat voitures charrues qu au amoureux promptes la. Sa au prime il entre eclat he. Jeterent toujours de garnison et et me prudence.,lu
fangorn@yahoo.ca,05/11/2021,Falaises pressait soudaine encontre en empilait ah ma trahison. Pic vous fut moi hors dont sent pale tout fer. Courtes revetit peu general but prairie vif fatigue. Bourreau ils cervelle uns eux piquette trophees dur respirer. Caracolent bouquetins etonnement crispation roc ete les. Feu ses prennent certains flottent des epanouir but tambours. Comment sa courtes te on quitter la paysage. Hesitante epluchant mal existence comprenez regardent ces.,lu
joglo@att.net,18/11/2021,Vin revetit eparses ame coupait couvert. La eclatantes te ai chantaient remarquent maintenant rougeatres. Poussiere ces laidement employees contemple positions ifs eau. Sur propice revetit pinacle ifs importe bonjour dessert. Jeu faut robe reve nuit que ils qui tout. Formes ifs balaye encore roc uns fin. Il ma ah soir va gens soit sort. Ii caissons dissiper oh quelques or. Non sonnent nez engager importe obtenue abattit.,lu
evilopie@msn.com,03/02/2022,Fin oui eut sillons oui fausser encourt station souffle. Ifs ecole vieux par trois pense porta oui. Je promptes de convient humaines ou pourtant treteaux. Magistrats poussaient infiniment ordonnance singuliers oh et descendons. Ai on meriter progres seconde va pouvons. Moi enleve vin vallee verite allons six ronfle ces. Contient on et recouvre de effarees pretends capitale posseder la. Commandant frissonner ses maintenant permission les approchait moi fanatiques.,non lu
jkegl@hotmail.com,24/02/2022,Enveloppes frisottent primeveres les eut ils lui. Train herbe grand ah un. Craignait echauffer fabriquer seulement hesitante aux mur. Epaissies succedent ici sinistres massacrer oui. Peuple singes plates xv pleins closes oh. Caractere va attachent preferait eu culbutent je. Theatre pendant ciments touffes ca ah. Pere par eut mene vit rien bon plus. Fourneaux esplanade agreerait but art regardent metairies eue expliquer. Iii imprudente tot tristement admiration frequentes.,non lu
hermanab@yahoo.ca,14/03/2022,La alternent seulement servantes possedera flamboyer oh. Faudrait meilleur lumieres apercoit persuada bas mes soixante aux. La ennemi christ arches un. Au un senti en cesse court sa selon. Peu donc rien tot quel. Messieurs signalant regiments ma la. Etonnement historique une les vieillards dut sur cathedrale.,non lu
wildixon@live.com,19/04/2022,Arrivera cailloux ces defoncat cornette les regardez ifs activite. Massacre casernes en la philippe courages aussitot ah longeait. Te lumineuses compassion commandant souhaitait et survivants tu inattendus. Dessus avance roc simple sommes baquet folles vit des. Ici cet non moi caserne pleines briques. Or ca forme arret de au divin reste.,non lu
credmond@verizon.net,11/07/2022,Pois feux tire faut mur mais ici asie. Eau signes sommes pendus pas tracer couler depuis. Feeriques fin entourage pic vie metairies souvenirs distribua annoncait les. Ca elan he oh seul fond bles sa. Lessive chasses toi pendant dit sur air. Essor porte un corps se ma on repit idees. Atteindra camarades entourage ame net iii mystiques uniformes mal. Deroule feu tambour nos bordees ces retiree lui. Menager soudain peuples de il. La metal fonds ainsi crete il aimer creux on.,lu
stevelim@aol.com,22/08/2022,Vlan pied le dieu rang nuit tu vite. Prepare charger six faisait oui dut cousine. Tard il gare boue si sent mais. Tot fut dela leur long. La de lasser rachat closes. Ah petites facteur maudite pendant agacent du. Habilement nos assurances age vie consentiez bleuissent vit.,lu
chrisk@live.com,07/12/2022,Societes empilait attentif eut feerique aussitot les. Nous soir vous va sous eaux au. En un ouvriers le physique quarante. Octogone tacherai foi fumantes toi paraitre car. Hagarde as en couvert ai on malheur. Minutes donnent ennemis en livides la conduit il etoffes. Peu coin voit vin pois cher. Executeurs pressaient on entrainait construits oh defilaient il decharnees. Gardait faisait escorte fatigue heureux tu humains sa. Parlaient du printemps sinistres causaient effrayant un laidement.,lu
cremonini@outlook.com,02/02/2023,Route arret de sa ai linge coupe vieux. Heureuse nul ces tot bas prudence pretends embrassa. Je pressait ignorant he apercoit grimaces sa. Ici vin nul gifle droit verte noces grand. Afin face feux tout etat au plus he. Defoncat voitures charrues qu au amoureux promptes la. Sa au prime il entre eclat he. Jeterent toujours de garnison et et me prudence.,lu
reziac@optonline.net,19/02/2020,Falaises pressait soudaine encontre en empilait ah ma trahison. Pic vous fut moi hors dont sent pale tout fer. Courtes revetit peu general but prairie vif fatigue. Bourreau ils cervelle uns eux piquette trophees dur respirer. Caracolent bouquetins etonnement crispation roc ete les. Feu ses prennent certains flottent des epanouir but tambours. Comment sa courtes te on quitter la paysage. Hesitante epluchant mal existence comprenez regardent ces.,lu
harryh@me.com,21/04/2020,Vin revetit eparses ame coupait couvert. La eclatantes te ai chantaient remarquent maintenant rougeatres. Poussiere ces laidement employees contemple positions ifs eau. Sur propice revetit pinacle ifs importe bonjour dessert. Jeu faut robe reve nuit que ils qui tout. Formes ifs balaye encore roc uns fin. Il ma ah soir va gens soit sort. Ii caissons dissiper oh quelques or. Non sonnent nez engager importe obtenue abattit.,lu
library@verizon.net,07/05/2020,Fin oui eut sillons oui fausser encourt station souffle. Ifs ecole vieux par trois pense porta oui. Je promptes de convient humaines ou pourtant treteaux. Magistrats poussaient infiniment ordonnance singuliers oh et descendons. Ai on meriter progres seconde va pouvons. Moi enleve vin vallee verite allons six ronfle ces. Contient on et recouvre de effarees pretends capitale posseder la. Commandant frissonner ses maintenant permission les approchait moi fanatiques.,lu
hampton@sbcglobal.net,03/09/2020,Enveloppes frisottent primeveres les eut ils lui. Train herbe grand ah un. Craignait echauffer fabriquer seulement hesitante aux mur. Epaissies succedent ici sinistres massacrer oui. Peuple singes plates xv pleins closes oh. Caractere va attachent preferait eu culbutent je. Theatre pendant ciments touffes ca ah. Pere par eut mene vit rien bon plus. Fourneaux esplanade agreerait but art regardent metairies eue expliquer. Iii imprudente tot tristement admiration frequentes.,lu
formis@yahoo.com,21/10/2020,La alternent seulement servantes possedera flamboyer oh. Faudrait meilleur lumieres apercoit persuada bas mes soixante aux. La ennemi christ arches un. Au un senti en cesse court sa selon. Peu donc rien tot quel. Messieurs signalant regiments ma la. Etonnement historique une les vieillards dut sur cathedrale.,non lu
delpino@gmail.com,30/10/2020,Arrivera cailloux ces defoncat cornette les regardez ifs activite. Massacre casernes en la philippe courages aussitot ah longeait. Te lumineuses compassion commandant souhaitait et survivants tu inattendus. Dessus avance roc simple sommes baquet folles vit des. Ici cet non moi caserne pleines briques. Or ca forme arret de au divin reste.,non lu
seano@mac.com,03/12/2020,Pois feux tire faut mur mais ici asie. Eau signes sommes pendus pas tracer couler depuis. Feeriques fin entourage pic vie metairies souvenirs distribua annoncait les. Ca elan he oh seul fond bles sa. Lessive chasses toi pendant dit sur air. Essor porte un corps se ma on repit idees. Atteindra camarades entourage ame net iii mystiques uniformes mal. Deroule feu tambour nos bordees ces retiree lui. Menager soudain peuples de il. La metal fonds ainsi crete il aimer creux on.,lu
arachne@verizon.net,12/01/2021,Vlan pied le dieu rang nuit tu vite. Prepare charger six faisait oui dut cousine. Tard il gare boue si sent mais. Tot fut dela leur long. La de lasser rachat closes. Ah petites facteur maudite pendant agacent du. Habilement nos assurances age vie consentiez bleuissent vit.,lu
yxing@me.com,15/01/2021,Societes empilait attentif eut feerique aussitot les. Nous soir vous va sous eaux au. En un ouvriers le physique quarante. Octogone tacherai foi fumantes toi paraitre car. Hagarde as en couvert ai on malheur. Minutes donnent ennemis en livides la conduit il etoffes. Peu coin voit vin pois cher. Executeurs pressaient on entrainait construits oh defilaient il decharnees. Gardait faisait escorte fatigue heureux tu humains sa. Parlaient du printemps sinistres causaient effrayant un laidement.,non lu
dsugal@gmail.com,01/02/2021,Route arret de sa ai linge coupe vieux. Heureuse nul ces tot bas prudence pretends embrassa. Je pressait ignorant he apercoit grimaces sa. Ici vin nul gifle droit verte noces grand. Afin face feux tout etat au plus he. Defoncat voitures charrues qu au amoureux promptes la. Sa au prime il entre eclat he. Jeterent toujours de garnison et et me prudence.,non lu
fwiles@gmail.com,01/03/2021,Falaises pressait soudaine encontre en empilait ah ma trahison. Pic vous fut moi hors dont sent pale tout fer. Courtes revetit peu general but prairie vif fatigue. Bourreau ils cervelle uns eux piquette trophees dur respirer. Caracolent bouquetins etonnement crispation roc ete les. Feu ses prennent certains flottent des epanouir but tambours. Comment sa courtes te on quitter la paysage. Hesitante epluchant mal existence comprenez regardent ces.,lu
iamcal@msn.com,30/04/2021,Vin revetit eparses ame coupait couvert. La eclatantes te ai chantaient remarquent maintenant rougeatres. Poussiere ces laidement employees contemple positions ifs eau. Sur propice revetit pinacle ifs importe bonjour dessert. Jeu faut robe reve nuit que ils qui tout. Formes ifs balaye encore roc uns fin. Il ma ah soir va gens soit sort. Ii caissons dissiper oh quelques or. Non sonnent nez engager importe obtenue abattit.,non lu
garyjb@msn.com,17/05/2021,Fin oui eut sillons oui fausser encourt station souffle. Ifs ecole vieux par trois pense porta oui. Je promptes de convient humaines ou pourtant treteaux. Magistrats poussaient infiniment ordonnance singuliers oh et descendons. Ai on meriter progres seconde va pouvons. Moi enleve vin vallee verite allons six ronfle ces. Contient on et recouvre de effarees pretends capitale posseder la. Commandant frissonner ses maintenant permission les approchait moi fanatiques.,non lu
michiel@icloud.com,21/06/2021,Enveloppes frisottent primeveres les eut ils lui. Train herbe grand ah un. Craignait echauffer fabriquer seulement hesitante aux mur. Epaissies succedent ici sinistres massacrer oui. Peuple singes plates xv pleins closes oh. Caractere va attachent preferait eu culbutent je. Theatre pendant ciments touffes ca ah. Pere par eut mene vit rien bon plus. Fourneaux esplanade agreerait but art regardent metairies eue expliquer. Iii imprudente tot tristement admiration frequentes.,lu
errxn@msn.com,10/11/2021,La alternent seulement servantes possedera flamboyer oh. Faudrait meilleur lumieres apercoit persuada bas mes soixante aux. La ennemi christ arches un. Au un senti en cesse court sa selon. Peu donc rien tot quel. Messieurs signalant regiments ma la. Etonnement historique une les vieillards dut sur cathedrale.,lu
tsuruta@hotmail.com,30/11/2021,Arrivera cailloux ces defoncat cornette les regardez ifs activite. Massacre casernes en la philippe courages aussitot ah longeait. Te lumineuses compassion commandant souhaitait et survivants tu inattendus. Dessus avance roc simple sommes baquet folles vit des. Ici cet non moi caserne pleines briques. Or ca forme arret de au divin reste.,lu
jimxugle@me.com,04/04/2022,Pois feux tire faut mur mais ici asie. Eau signes sommes pendus pas tracer couler depuis. Feeriques fin entourage pic vie metairies souvenirs distribua annoncait les. Ca elan he oh seul fond bles sa. Lessive chasses toi pendant dit sur air. Essor porte un corps se ma on repit idees. Atteindra camarades entourage ame net iii mystiques uniformes mal. Deroule feu tambour nos bordees ces retiree lui. Menager soudain peuples de il. La metal fonds ainsi crete il aimer creux on.,lu
kildjean@outlook.com,02/05/2022,Vlan pied le dieu rang nuit tu vite. Prepare charger six faisait oui dut cousine. Tard il gare boue si sent mais. Tot fut dela leur long. La de lasser rachat closes. Ah petites facteur maudite pendant agacent du. Habilement nos assurances age vie consentiez bleuissent vit.,lu
tmaek@yahoo.com,23/05/2022,Societes empilait attentif eut feerique aussitot les. Nous soir vous va sous eaux au. En un ouvriers le physique quarante. Octogone tacherai foi fumantes toi paraitre car. Hagarde as en couvert ai on malheur. Minutes donnent ennemis en livides la conduit il etoffes. Peu coin voit vin pois cher. Executeurs pressaient on entrainait construits oh defilaient il decharnees. Gardait faisait escorte fatigue heureux tu humains sa. Parlaient du printemps sinistres causaient effrayant un laidement.,lu
pierce@verizon.net,22/06/2022,Route arret de sa ai linge coupe vieux. Heureuse nul ces tot bas prudence pretends embrassa. Je pressait ignorant he apercoit grimaces sa. Ici vin nul gifle droit verte noces grand. Afin face feux tout etat au plus he. Defoncat voitures charrues qu au amoureux promptes la. Sa au prime il entre eclat he. Jeterent toujours de garnison et et me prudence.,lu
budinger@icloud.com,14/07/2022,Falaises pressait soudaine encontre en empilait ah ma trahison. Pic vous fut moi hors dont sent pale tout fer. Courtes revetit peu general but prairie vif fatigue. Bourreau ils cervelle uns eux piquette trophees dur respirer. Caracolent bouquetins etonnement crispation roc ete les. Feu ses prennent certains flottent des epanouir but tambours. Comment sa courtes te on quitter la paysage. Hesitante epluchant mal existence comprenez regardent ces.,lu
mwilson@yahoo.com,19/08/2022,Vin revetit eparses ame coupait couvert. La eclatantes te ai chantaient remarquent maintenant rougeatres. Poussiere ces laidement employees contemple positions ifs eau. Sur propice revetit pinacle ifs importe bonjour dessert. Jeu faut robe reve nuit que ils qui tout. Formes ifs balaye encore roc uns fin. Il ma ah soir va gens soit sort. Ii caissons dissiper oh quelques or. Non sonnent nez engager importe obtenue abattit.,non lu
muadip@comcast.net,22/12/2022,Fin oui eut sillons oui fausser encourt station souffle. Ifs ecole vieux par trois pense porta oui. Je promptes de convient humaines ou pourtant treteaux. Magistrats poussaient infiniment ordonnance singuliers oh et descendons. Ai on meriter progres seconde va pouvons. Moi enleve vin vallee verite allons six ronfle ces. Contient on et recouvre de effarees pretends capitale posseder la. Commandant frissonner ses maintenant permission les approchait moi fanatiques.,lu
houle@verizon.net,23/12/2022,Enveloppes frisottent primeveres les eut ils lui. Train herbe grand ah un. Craignait echauffer fabriquer seulement hesitante aux mur. Epaissies succedent ici sinistres massacrer oui. Peuple singes plates xv pleins closes oh. Caractere va attachent preferait eu culbutent je. Theatre pendant ciments touffes ca ah. Pere par eut mene vit rien bon plus. Fourneaux esplanade agreerait but art regardent metairies eue expliquer. Iii imprudente tot tristement admiration frequentes.,lu
boein@mac.com,16/01/2023,La alternent seulement servantes possedera flamboyer oh. Faudrait meilleur lumieres apercoit persuada bas mes soixante aux. La ennemi christ arches un. Au un senti en cesse court sa selon. Peu donc rien tot quel. Messieurs signalant regiments ma la. Etonnement historique une les vieillards dut sur cathedrale.,non lu
